source_mat_id,ref_code,ref_code_seq,ena_accession_number_sample,ena_accession_number_experiment_metag,ena_accession_number_experiment_metab,ena_accession_number_run_metag,ena_accession_number_run_metab,ena_accession_number_project,ena_accession_number_umbrella,biosamples_accession_number,event_id,old_source_mat_id
EMOBON_BPNS_So_5,EMOBON00084,DBH_AAAN,ERS16590019,ERX13356190,,ERR13955095,,PRJEB51652,PRJEB51688,SAMEA114561126,BPNS_So_210726,EMOBON_BPNS_So_210726_micro_1
EMOBON_BPNS_So_6,EMOBON00085,DBH_AAAO,ERS16590020,ERX13356191,,ERR13955096,,PRJEB51652,PRJEB51688,SAMEA114561127,BPNS_So_210726,EMOBON_BPNS_So_210726_micro_2
EMOBON_BPNS_So_13,EMOBON00087,DBH_AAAI,ERS15538559,ERX13356192,,ERR13955097,,PRJEB51652,PRJEB51688,SAMEA113542142,BPNS_So_210825,EMOBON_BPNS_So_210825_micro_3
EMOBON_NRMCB_So_1,EMOBON00094,,ERS20535386,ERX13355955,,ERR13954860,,PRJEB51658,PRJEB51688,SAMEA115809375,NRMCB_So_210621,EMOBON_NRMCB_So_210621_micro_1
EMOBON_NRMCB_So_2,EMOBON00095,,ERS20535387,ERX13355956,,ERR13954861,,PRJEB51658,PRJEB51688,SAMEA115809376,NRMCB_So_210621,EMOBON_NRMCB_So_210621_micro_2
EMOBON_NRMCB_So_6,EMOBON00097,,ERS20535388,ERX13355957,,ERR13954862,,PRJEB51658,PRJEB51688,SAMEA115809377,NRMCB_So_210831,EMOBON_NRMCB_So_210831_micro_1
EMOBON_NRMCB_So_7,EMOBON00098,,ERS20535389,ERX13355958,,ERR13954863,,PRJEB51658,PRJEB51688,SAMEA115809378,NRMCB_So_210831,EMOBON_NRMCB_So_210831_micro_2
EMOBON_NRMCB_So_10,EMOBON00099,,ERS20535390,ERX13355959,,ERR13954864,,PRJEB51658,PRJEB51688,SAMEA115809379,NRMCB_So_210831,EMOBON_NRMCB_So_210831_micro_blank
EMOBON_OOB_So_1,EMOBON00001,,ERS20535383,ERX13355359,,ERR13954264,,PRJEB51665,PRJEB51688,SAMEA115809372,OOB_So_210608,EMOBON_OOB_So_210608_micro_1
EMOBON_RFormosa_So_1,EMOBON00092,,ERS20535377,ERX13355737,,ERR13954642,,PRJEB51661,PRJEB51688,SAMEA115809366,RFormosa_So_210805,EMOBON_RFormosa_So_210805_micro_1
EMOBON_RFormosa_So_2,EMOBON00093,,ERS20535378,ERX13355738,,ERR13954643,,PRJEB51661,PRJEB51688,SAMEA115809367,RFormosa_So_210805,EMOBON_RFormosa_So_210805_micro_2
EMOBON_ROSKOGO_So_1,EMOBON00088,,ERS20535367,ERX13355914,,ERR13954819,,PRJEB51662,PRJEB51688,SAMEA115809356,ROSKOGO_So_210826,EMOBON_ROSKOGO_So_210826_micro_1
EMOBON_ROSKOGO_So_2,EMOBON00089,,ERS20535368,ERX13355915,,ERR13954820,,PRJEB51662,PRJEB51688,SAMEA115809357,ROSKOGO_So_210826,EMOBON_ROSKOGO_So_210826_micro_2
EMOBON_AAOT_Wa_6,EMOBON00050,,ERS20568992,ERX13355362,,ERR13954267,,PRJEB50566,PRJEB51688,SAMEA115828475,AAOT_Wa_210622,EMOBON_AAOT_Wa_210622_0.2um_1
EMOBON_AAOT_Wa_7,EMOBON00051,,ERS20568993,ERX13355363,,ERR13954268,,PRJEB50566,PRJEB51688,SAMEA115828476,AAOT_Wa_210622,EMOBON_AAOT_Wa_210622_0.2um_2
EMOBON_AAOT_Wa_1,EMOBON00048,,ERS20568990,ERX13355360,,ERR13954265,,PRJEB50566,PRJEB51688,SAMEA115828473,AAOT_Wa_210622,EMOBON_AAOT_Wa_210622_3um_1
EMOBON_AAOT_Wa_2,EMOBON00049,,ERS20568991,ERX13355361,,ERR13954266,,PRJEB50566,PRJEB51688,SAMEA115828474,AAOT_Wa_210622,EMOBON_AAOT_Wa_210622_3um_2
EMOBON_AAOT_Wa_26,EMOBON00054,,ERS20568995,ERX13355365,,ERR13954270,,PRJEB50566,PRJEB51688,SAMEA115828478,AAOT_Wa_210809,EMOBON_AAOT_Wa_210809_0.2um_1
EMOBON_AAOT_Wa_27,EMOBON00055,,ERS20568996,ERX13355366,,ERR13954271,,PRJEB50566,PRJEB51688,SAMEA115828479,AAOT_Wa_210809,EMOBON_AAOT_Wa_210809_0.2um_2
EMOBON_AAOT_Wa_22,EMOBON00053,,ERS20568994,ERX13355364,,ERR13954269,,PRJEB50566,PRJEB51688,SAMEA115828477,AAOT_Wa_210809,EMOBON_AAOT_Wa_210809_3um_2
EMOBON_BPNS_Wa_7,EMOBON00009,DBB_AACU,ERS16590013,ERX13356184,,ERR13955089,,PRJEB51652,PRJEB51688,SAMEA114561120,BPNS_Wa_210701,EMOBON_BPNS_Wa_210701_0.2um_1
EMOBON_BPNS_Wa_6,EMOBON00010,DBB_AACV,ERS16590014,ERX13356185,,ERR13955090,,PRJEB51652,PRJEB51688,SAMEA114561121,BPNS_Wa_210701,EMOBON_BPNS_Wa_210701_0.2um_2
EMOBON_BPNS_Wa_1,EMOBON00007,DBB_AACS,ERS16590011,ERX13356182,,ERR13955087,,PRJEB51652,PRJEB51688,SAMEA114561118,BPNS_Wa_210701,EMOBON_BPNS_Wa_210701_3um_1
EMOBON_BPNS_Wa_2,EMOBON00008,DBB_AACT,ERS16590012,ERX13356183,,ERR13955088,,PRJEB51652,PRJEB51688,SAMEA114561119,BPNS_Wa_210701,EMOBON_BPNS_Wa_210701_3um_2
EMOBON_BPNS_Wa_26,EMOBON00013,DBB_AACY,ERS16590017,ERX13356188,,ERR13955093,,PRJEB51652,PRJEB51688,SAMEA114561124,BPNS_Wa_210825,EMOBON_BPNS_Wa_210825_0.2um_1
EMOBON_BPNS_Wa_27,EMOBON00014,DBB_AACE,ERS16590018,ERX13356189,,ERR13955094,,PRJEB51652,PRJEB51688,SAMEA114561125,BPNS_Wa_210825,EMOBON_BPNS_Wa_210825_0.2um_2
EMOBON_BPNS_Wa_21,EMOBON00011,DBB_AACW,ERS16590015,ERX13356186,,ERR13955091,,PRJEB51652,PRJEB51688,SAMEA114561122,BPNS_Wa_210825,EMOBON_BPNS_Wa_210825_3um_1
EMOBON_BPNS_Wa_22,EMOBON00012,DBB_AACX,ERS16590016,ERX13356187,,ERR13955092,,PRJEB51652,PRJEB51688,SAMEA114561123,BPNS_Wa_210825,EMOBON_BPNS_Wa_210825_3um_2
EMOBON_EMT21_Wa_6,EMOBON00033,,ERS20569032,ERX13355354,,ERR13954259,,PRJEB51653,PRJEB51688,SAMEA115828515,EMT21_Wa_210825,EMOBON_EMT21_Wa_210825_0.2um_1
EMOBON_EMT21_Wa_7,EMOBON00034,,ERS20569033,ERX13355355,,ERR13954260,,PRJEB51653,PRJEB51688,SAMEA115828516,EMT21_Wa_210825,EMOBON_EMT21_Wa_210825_0.2um_2
EMOBON_EMT21_Wa_1,EMOBON00031,,ERS20569030,ERX13355352,,ERR13954257,,PRJEB51653,PRJEB51688,SAMEA115828513,EMT21_Wa_210825,EMOBON_EMT21_Wa_210825_3um_1
EMOBON_EMT21_Wa_2,EMOBON00032,,ERS20569031,ERX13355353,,ERR13954258,,PRJEB51653,PRJEB51688,SAMEA115828514,EMT21_Wa_210825,EMOBON_EMT21_Wa_210825_3um_2
EMOBON_ESC68N_Wa_3,EMOBON00005,,ERS20569059,ERX13355163,,ERR13954068,,PRJEB51654,PRJEB51688,SAMEA115828542,ESC68N_Wa_210830,EMOBON_ESC68N_Wa_210830_0.2um_1
EMOBON_ESC68N_Wa_4,EMOBON00006,,ERS20569060,ERX13355164,,ERR13954069,,PRJEB51654,PRJEB51688,SAMEA115828543,ESC68N_Wa_210830,EMOBON_ESC68N_Wa_210830_0.2um_2
EMOBON_ESC68N_Wa_1,EMOBON00003,,ERS20569057,ERX13355161,,ERR13954066,,PRJEB51654,PRJEB51688,SAMEA115828540,ESC68N_Wa_210830,EMOBON_ESC68N_Wa_210830_3um_1
EMOBON_ESC68N_Wa_2,EMOBON00004,,ERS20569058,ERX13355162,,ERR13954067,,PRJEB51654,PRJEB51688,SAMEA115828541,ESC68N_Wa_210830,EMOBON_ESC68N_Wa_210830_3um_2
EMOBON_HCMR-1_Wa_5,EMOBON00071,,ERS20568986,ERX13355375,,ERR13954280,,PRJEB51655,PRJEB51688,SAMEA115828469,HCMR-1_Wa_210628,EMOBON_HCMR-1_Wa_210628_0.2um_1
EMOBON_HCMR-1_Wa_6,EMOBON00072,,ERS20568987,ERX13355376,,ERR13954281,,PRJEB51655,PRJEB51688,SAMEA115828470,HCMR-1_Wa_210628,EMOBON_HCMR-1_Wa_210628_0.2um_2
EMOBON_HCMR-1_Wa_1,EMOBON00068,,ERS20568985,ERX13355374,,ERR13954279,,PRJEB51655,PRJEB51688,SAMEA115828468,HCMR-1_Wa_210628,EMOBON_HCMR-1_Wa_210628_3um_1
EMOBON_HCMR-1_Wa_23,EMOBON00079,,ERS20568989,ERX13355378,,ERR13954283,,PRJEB51655,PRJEB51688,SAMEA115828472,HCMR-1_Wa_210917,EMOBON_HCMR-1_Wa_210917_0.2um_blank
EMOBON_HCMR-1_Wa_21,EMOBON00076,,ERS20568988,ERX13355377,,ERR13954282,,PRJEB51655,PRJEB51688,SAMEA115828471,HCMR-1_Wa_210917,EMOBON_HCMR-1_Wa_210917_3um_blank
EMOBON_IUIEilat_Wa_1,EMOBON00080,,ERS20568973,ERX13355368,,ERR13954273,,PRJEB51656,PRJEB51688,SAMEA115828456,IUIEilat1_Wa_210829,EMOBON_IUIEilat1_Wa_210829_0.2um_1
EMOBON_IUIEilat_Wa_2,EMOBON00081,,ERS20568974,ERX13355369,,ERR13954274,,PRJEB51656,PRJEB51688,SAMEA115828457,IUIEilat1_Wa_210829,EMOBON_IUIEilat1_Wa_210829_0.2um_2
EMOBON_IUIEilat_Wa_5,EMOBON00082,,ERS20568975,ERX13355370,,ERR13954275,,PRJEB51656,PRJEB51688,SAMEA115828458,IUIEilat1_Wa_210829,EMOBON_IUIEilat1_Wa_210829_3um_1
EMOBON_IUIEilat_Wa_6,EMOBON00083,,ERS20568976,ERX13355371,,ERR13954276,,PRJEB51656,PRJEB51688,SAMEA115828459,IUIEilat1_Wa_210829,EMOBON_IUIEilat1_Wa_210829_3um_2
EMOBON_NRMCB_Wa_1,EMOBON00056,,ERS20568957,ERX13355947,,ERR13954852,,PRJEB51658,PRJEB51688,SAMEA115828440,NRMCB_Wa_210621,EMOBON_NRMCB_Wa_210621_3um_1
EMOBON_NRMCB_Wa_2,EMOBON00057,,ERS20568958,ERX13355948,,ERR13954853,,PRJEB51658,PRJEB51688,SAMEA115828441,NRMCB_Wa_210621,EMOBON_NRMCB_Wa_210621_3um_2
EMOBON_NRMCB_Wa_28,EMOBON00065,,ERS20568962,ERX13355952,,ERR13954857,,PRJEB51658,PRJEB51688,SAMEA115828445,NRMCB_Wa_210831,EMOBON_NRMCB_Wa_210831_0.2um_1
EMOBON_NRMCB_Wa_29,EMOBON00066,,ERS20568963,ERX13355953,,ERR13954858,,PRJEB51658,PRJEB51688,SAMEA115828446,NRMCB_Wa_210831,EMOBON_NRMCB_Wa_210831_0.2um_2
EMOBON_NRMCB_Wa_32,EMOBON00067,,ERS20568964,ERX13355954,,ERR13954859,,PRJEB51658,PRJEB51688,SAMEA115828447,NRMCB_Wa_210831,EMOBON_NRMCB_Wa_210831_0.2um_blank
EMOBON_NRMCB_Wa_23,EMOBON00062,,ERS20568959,ERX13355949,,ERR13954854,,PRJEB51658,PRJEB51688,SAMEA115828442,NRMCB_Wa_210831,EMOBON_NRMCB_Wa_210831_3um_1
EMOBON_NRMCB_Wa_24,EMOBON00063,,ERS20568960,ERX13355950,,ERR13954855,,PRJEB51658,PRJEB51688,SAMEA115828443,NRMCB_Wa_210831,EMOBON_NRMCB_Wa_210831_3um_2
EMOBON_NRMCB_Wa_27,EMOBON00064,,ERS20568961,ERX13355951,,ERR13954856,,PRJEB51658,PRJEB51688,SAMEA115828444,NRMCB_Wa_210831,EMOBON_NRMCB_Wa_210831_3um_blank
EMOBON_OSD74_Wa_2,EMOBON00046,,ERS20569006,ERX13355350,,ERR13954255,,PRJEB51659,PRJEB51688,SAMEA115828489,OSD74_Wa_210831,EMOBON_OSD74_Wa_210831_0.2um_1
EMOBON_OSD74_Wa_4,EMOBON00047,,ERS20569007,ERX13355351,,ERR13954256,,PRJEB51659,PRJEB51688,SAMEA115828490,OSD74_Wa_210831,EMOBON_OSD74_Wa_210831_0.2um_2
EMOBON_OSD74_Wa_1,EMOBON00045,,ERS20569005,ERX13355349,,ERR13954254,,PRJEB51659,PRJEB51688,SAMEA115828488,OSD74_Wa_210831,EMOBON_OSD74_Wa_210831_3um_1
EMOBON_PiEGetxo_Wa_3,EMOBON00037,,ERS20569018,ERX13355825,,ERR13954730,,PRJEB51660,PRJEB51688,SAMEA115828501,PiEGetxo_Wa_210824,EMOBON_PiEGetxo_Wa_210824_0.2um_1
EMOBON_PiEGetxo_Wa_4,EMOBON00038,,ERS20569019,ERX13355826,,ERR13954731,,PRJEB51660,PRJEB51688,SAMEA115828502,PiEGetxo_Wa_210824,EMOBON_PiEGetxo_Wa_210824_0.2um_2
EMOBON_PiEGetxo_Wa_6,EMOBON00040,,ERS20569021,ERX13355828,,ERR13954733,,PRJEB51660,PRJEB51688,SAMEA115828504,PiEGetxo_Wa_210824,EMOBON_PiEGetxo_Wa_210824_0.2um_blank
EMOBON_PiEGetxo_Wa_1,EMOBON00035,,ERS20569016,ERX13355823,,ERR13954728,,PRJEB51660,PRJEB51688,SAMEA115828499,PiEGetxo_Wa_210824,EMOBON_PiEGetxo_Wa_210824_3um_1
EMOBON_PiEGetxo_Wa_2,EMOBON00036,,ERS20569017,ERX13355824,,ERR13954729,,PRJEB51660,PRJEB51688,SAMEA115828500,PiEGetxo_Wa_210824,EMOBON_PiEGetxo_Wa_210824_3um_2
EMOBON_PiEGetxo_Wa_5,EMOBON00039,,ERS20569020,ERX13355827,,ERR13954732,,PRJEB51660,PRJEB51688,SAMEA115828503,PiEGetxo_Wa_210824,EMOBON_PiEGetxo_Wa_210824_3um_blank
EMOBON_RFormosa_Wa_5,EMOBON00043,,ERS20568947,ERX13355735,,ERR13954640,,PRJEB51661,PRJEB51688,SAMEA115828430,RFormosa_Wa_210805,EMOBON_RFormosa_Wa_210805_0.2um_1
EMOBON_RFormosa_Wa_6,EMOBON00044,,ERS20568948,ERX13355736,,ERR13954641,,PRJEB51661,PRJEB51688,SAMEA115828431,RFormosa_Wa_210805,EMOBON_RFormosa_Wa_210805_0.2um_2
EMOBON_RFormosa_Wa_1,EMOBON00041,,ERS20568945,ERX13355733,,ERR13954638,,PRJEB51661,PRJEB51688,SAMEA115828428,RFormosa_Wa_210805,EMOBON_RFormosa_Wa_210805_3um_1
EMOBON_RFormosa_Wa_2,EMOBON00042,,ERS20568946,ERX13355734,,ERR13954639,,PRJEB51661,PRJEB51688,SAMEA115828429,RFormosa_Wa_210805,EMOBON_RFormosa_Wa_210805_3um_2
EMOBON_ROSKOGO_Wa_1,EMOBON00015,,ERS20568923,ERX13355908,,ERR13954813,,PRJEB51662,PRJEB51688,SAMEA115828406,ROSKOGO_Wa_210618,EMOBON_ROSKOGO_Wa_210618_3um_1
EMOBON_ROSKOGO_Wa_2,EMOBON00016,,ERS20568924,ERX13355909,,ERR13954814,,PRJEB51662,PRJEB51688,SAMEA115828407,ROSKOGO_Wa_210618,EMOBON_ROSKOGO_Wa_210618_3um_2
EMOBON_ROSKOGO_Wa_17,EMOBON00021,,ERS20568927,ERX13355912,,ERR13954817,,PRJEB51662,PRJEB51688,SAMEA115828410,ROSKOGO_Wa_210802,EMOBON_ROSKOGO_Wa_210802_0.2um_1
EMOBON_ROSKOGO_Wa_18,EMOBON00022,,ERS20568928,ERX13355913,,ERR13954818,,PRJEB51662,PRJEB51688,SAMEA115828411,ROSKOGO_Wa_210802,EMOBON_ROSKOGO_Wa_210802_0.2um_2
EMOBON_ROSKOGO_Wa_13,EMOBON00019,,ERS20568925,ERX13355910,,ERR13954815,,PRJEB51662,PRJEB51688,SAMEA115828408,ROSKOGO_Wa_210802,EMOBON_ROSKOGO_Wa_210802_3um_1
EMOBON_ROSKOGO_Wa_14,EMOBON00020,,ERS20568926,ERX13355911,,ERR13954816,,PRJEB51662,PRJEB51688,SAMEA115828409,ROSKOGO_Wa_210802,EMOBON_ROSKOGO_Wa_210802_3um_2
EMOBON_VB_Wa_4,EMOBON00025,,ERS20569044,ERX13355831,,ERR13954736,,PRJEB51664,PRJEB51688,SAMEA115828527,VB_Wa_210621,EMOBON_VB_Wa_210621_0.2um_1
EMOBON_VB_Wa_5,EMOBON00026,,ERS20569045,ERX13355832,,ERR13954737,,PRJEB51664,PRJEB51688,SAMEA115828528,VB_Wa_210621,EMOBON_VB_Wa_210621_0.2um_2
EMOBON_VB_Wa_1,EMOBON00023,,ERS20569042,ERX13355829,,ERR13954734,,PRJEB51664,PRJEB51688,SAMEA115828525,VB_Wa_210621,EMOBON_VB_Wa_210621_3um_1
EMOBON_VB_Wa_2,EMOBON00024,,ERS20569043,ERX13355830,,ERR13954735,,PRJEB51664,PRJEB51688,SAMEA115828526,VB_Wa_210621,EMOBON_VB_Wa_210621_3um_2
EMOBON_VB_Wa_43,EMOBON00029,,ERS20569048,ERX13355835,,ERR13954740,,PRJEB51664,PRJEB51688,SAMEA115828531,VB_Wa_210823,EMOBON_VB_Wa_210823_0.2um_1
EMOBON_VB_Wa_44,EMOBON00030,DBB_AABV,ERS14961281,ERX13332419,,ERR13930537,,PRJEB51664,PRJEB51688,SAMEA112966252,VB_Wa_210823,EMOBON_VB_Wa_210823_0.2um_2
EMOBON_VB_Wa_41,EMOBON00027,,ERS20569046,ERX13355833,,ERR13954738,,PRJEB51664,PRJEB51688,SAMEA115828529,VB_Wa_210823,EMOBON_VB_Wa_210823_3um_1
EMOBON_VB_Wa_42,EMOBON00028,,ERS20569047,ERX13355834,,ERR13954739,,PRJEB51664,PRJEB51688,SAMEA115828530,VB_Wa_210823,EMOBON_VB_Wa_210823_3um_2
EMOBON_AAOT_Wa_41,EMOBON00162,,ERS20568997,ERX14293787,,ERR14888796,,PRJEB50566,PRJEB51688,SAMEA115828480,AAOT_Wa_211015,EMOBON_AAOT_Wa_211015_3um_1
EMOBON_AAOT_Wa_42,EMOBON00163,,ERS20568998,ERX14293788,,ERR14888797,,PRJEB50566,PRJEB51688,SAMEA115828481,AAOT_Wa_211015,EMOBON_AAOT_Wa_211015_3um_2
EMOBON_AAOT_Wa_46,EMOBON00164,,ERS20568999,ERX14293789,,ERR14888798,,PRJEB50566,PRJEB51688,SAMEA115828482,AAOT_Wa_211015,EMOBON_AAOT_Wa_211015_0.2um_1
EMOBON_AAOT_Wa_47,EMOBON00165,,ERS20569000,ERX14293790,,ERR14888799,,PRJEB50566,PRJEB51688,SAMEA115828483,AAOT_Wa_211015,EMOBON_AAOT_Wa_211015_0.2um_2
EMOBON_AAOT_Wa_61,EMOBON00166,,ERS20569001,ERX14293791,,ERR14888800,,PRJEB50566,PRJEB51688,SAMEA115828484,AAOT_Wa_211214,EMOBON_AAOT_Wa_211214_3um_1
EMOBON_AAOT_Wa_62,EMOBON00167,,ERS20569002,ERX14293792,,ERR14888801,,PRJEB50566,PRJEB51688,SAMEA115828485,AAOT_Wa_211214,EMOBON_AAOT_Wa_211214_3um_2
EMOBON_AAOT_Wa_66,EMOBON00168,,ERS20569003,ERX14293793,,ERR14888802,,PRJEB50566,PRJEB51688,SAMEA115828486,AAOT_Wa_211214,EMOBON_AAOT_Wa_211214_0.2um_1
EMOBON_AAOT_Wa_67,EMOBON00169,,ERS20569004,ERX14293794,,ERR14888803,,PRJEB50566,PRJEB51688,SAMEA115828487,AAOT_Wa_211214,EMOBON_AAOT_Wa_211214_0.2um_2
EMOBON_BPNS_So_17,EMOBON00140,,ERS20535373,ERX14293766,,ERR14888775,,PRJEB51652,PRJEB51688,SAMEA115809362,BPNS_So_211028,EMOBON_BPNS_So_211028_micro_1
EMOBON_BPNS_So_18,EMOBON00141,,ERS20535374,ERX14293767,,ERR14888776,,PRJEB51652,PRJEB51688,SAMEA115809363,BPNS_So_211028,EMOBON_BPNS_So_211028_micro_2
EMOBON_BPNS_So_33,EMOBON00142,,ERS20535375,ERX14293768,,ERR14888777,,PRJEB51652,PRJEB51688,SAMEA115809364,BPNS_So_211223,EMOBON_BPNS_So_211223_micro_1
EMOBON_BPNS_So_34,EMOBON00143,,ERS20535376,ERX14293769,,ERR14888778,,PRJEB51652,PRJEB51688,SAMEA115809365,BPNS_So_211223,EMOBON_BPNS_So_211223_micro_2
EMOBON_BPNS_Wa_41,EMOBON00130,,ERS20568937,ERX14293758,,ERR14888767,,PRJEB51652,PRJEB51688,SAMEA115828420,BPNS_Wa_211028,EMOBON_BPNS_Wa_211028_3um_1
EMOBON_BPNS_Wa_42,EMOBON00131,,ERS20568938,ERX14293759,,ERR14888768,,PRJEB51652,PRJEB51688,SAMEA115828421,BPNS_Wa_211028,EMOBON_BPNS_Wa_211028_3um_2
EMOBON_BPNS_Wa_46,EMOBON00132,,ERS20568939,ERX14293760,,ERR14888769,,PRJEB51652,PRJEB51688,SAMEA115828422,BPNS_Wa_211028,EMOBON_BPNS_Wa_211028_0.2um_1
EMOBON_BPNS_Wa_47,EMOBON00133,,ERS20568940,ERX14293761,,ERR14888770,,PRJEB51652,PRJEB51688,SAMEA115828423,BPNS_Wa_211028,EMOBON_BPNS_Wa_211028_0.2um_2
EMOBON_BPNS_Wa_61,EMOBON00136,,ERS20568941,ERX14293762,,ERR14888771,,PRJEB51652,PRJEB51688,SAMEA115828424,BPNS_Wa_211223,EMOBON_BPNS_Wa_211223_3um_1
EMOBON_BPNS_Wa_62,EMOBON00137,,ERS20568942,ERX14293763,,ERR14888772,,PRJEB51652,PRJEB51688,SAMEA115828425,BPNS_Wa_211223,EMOBON_BPNS_Wa_211223_3um_2
EMOBON_BPNS_Wa_66,EMOBON00138,,ERS20568943,ERX14293764,,ERR14888773,,PRJEB51652,PRJEB51688,SAMEA115828426,BPNS_Wa_211223,EMOBON_BPNS_Wa_211223_0.2um_1
EMOBON_BPNS_Wa_67,EMOBON00139,,ERS20568944,ERX14293765,,ERR14888774,,PRJEB51652,PRJEB51688,SAMEA115828427,BPNS_Wa_211223,EMOBON_BPNS_Wa_211223_0.2um_2
EMOBON_EMT21_Wa_16,EMOBON00144,,ERS20569034,ERX14293779,,ERR14888788,,PRJEB51653,PRJEB51688,SAMEA115828517,EMT21_Wa_211020,EMOBON_EMT21_Wa_211020_3um_1
EMOBON_EMT21_Wa_17,EMOBON00145,,ERS20569035,ERX14293780,,ERR14888789,,PRJEB51653,PRJEB51688,SAMEA115828518,EMT21_Wa_211020,EMOBON_EMT21_Wa_211020_3um_2
EMOBON_EMT21_Wa_21,EMOBON00146,,ERS20569036,ERX14293781,,ERR14888790,,PRJEB51653,PRJEB51688,SAMEA115828519,EMT21_Wa_211020,EMOBON_EMT21_Wa_211020_0.2um_1
EMOBON_EMT21_Wa_22,EMOBON00147,,ERS20569037,ERX14293782,,ERR14888791,,PRJEB51653,PRJEB51688,SAMEA115828520,EMT21_Wa_211020,EMOBON_EMT21_Wa_211020_0.2um_2
EMOBON_EMT21_Wa_31,EMOBON00148,,ERS20569038,ERX14293783,,ERR14888792,,PRJEB51653,PRJEB51688,SAMEA115828521,EMT21_Wa_211216,EMOBON_EMT21_Wa_211216_3um_1
EMOBON_EMT21_Wa_32,EMOBON00149,,ERS20569039,ERX14293784,,ERR14888793,,PRJEB51653,PRJEB51688,SAMEA115828522,EMT21_Wa_211216,EMOBON_EMT21_Wa_211216_3um_2
EMOBON_EMT21_Wa_36,EMOBON00150,,ERS20569040,ERX14293785,,ERR14888794,,PRJEB51653,PRJEB51688,SAMEA115828523,EMT21_Wa_211216,EMOBON_EMT21_Wa_211216_0.2um_1
EMOBON_EMT21_Wa_37,EMOBON00151,,ERS20569041,ERX14293786,,ERR14888795,,PRJEB51653,PRJEB51688,SAMEA115828524,EMT21_Wa_211216,EMOBON_EMT21_Wa_211216_0.2um_2
EMOBON_ESC68N_Wa_11,EMOBON00196,,ERS20569061,ERX14293591,,ERR14888600,,PRJEB51654,PRJEB51688,SAMEA115828544,ESC68N_Wa_211104,EMOBON_ESC68N_Wa_211104_3um_1
EMOBON_ESC68N_Wa_14,EMOBON00199,,ERS20569062,ERX14293592,,ERR14888601,,PRJEB51654,PRJEB51688,SAMEA115828545,ESC68N_Wa_211104,EMOBON_ESC68N_Wa_211104_0.2um_2
EMOBON_IUIEilat_Wa_11,EMOBON00120,,ERS20568977,ERX14293669,,ERR14888678,,PRJEB51656,PRJEB51688,SAMEA115828460,IUIEilat1_Wa_211018,EMOBON_IUIEilat1_Wa_211018_0.2um_1
EMOBON_IUIEilat_Wa_12,EMOBON00121,,ERS20568978,ERX14293670,,ERR14888679,,PRJEB51656,PRJEB51688,SAMEA115828461,IUIEilat1_Wa_211018,EMOBON_IUIEilat1_Wa_211018_0.2um_2
EMOBON_IUIEilat_Wa_15,EMOBON00122,,ERS20568979,ERX14293671,,ERR14888680,,PRJEB51656,PRJEB51688,SAMEA115828462,IUIEilat1_Wa_211018,EMOBON_IUIEilat1_Wa_211018_3um_1
EMOBON_IUIEilat_Wa_16,EMOBON00123,,ERS20568980,ERX14293672,,ERR14888681,,PRJEB51656,PRJEB51688,SAMEA115828463,IUIEilat1_Wa_211018,EMOBON_IUIEilat1_Wa_211018_3um_2
EMOBON_IUIEilat_Wa_21,EMOBON00124,,ERS20568981,ERX14293673,,ERR14888682,,PRJEB51656,PRJEB51688,SAMEA115828464,IUIEilat1_Wa_211219,EMOBON_IUIEilat1_Wa_211219_0.2um_1
EMOBON_IUIEilat_Wa_22,EMOBON00125,,ERS20568982,ERX14293674,,ERR14888683,,PRJEB51656,PRJEB51688,SAMEA115828465,IUIEilat1_Wa_211219,EMOBON_IUIEilat1_Wa_211219_0.2um_2
EMOBON_IUIEilat_Wa_25,EMOBON00126,,ERS20568983,ERX14293675,,ERR14888684,,PRJEB51656,PRJEB51688,SAMEA115828466,IUIEilat1_Wa_211219,EMOBON_IUIEilat1_Wa_211219_3um_1
EMOBON_IUIEilat_Wa_26,EMOBON00127,,ERS20568984,ERX14293676,,ERR14888685,,PRJEB51656,PRJEB51688,SAMEA115828467,IUIEilat1_Wa_211219,EMOBON_IUIEilat1_Wa_211219_3um_2
EMOBON_MBAL4_Wa_1,EMOBON00154,,ERS20569063,ERX14293750,,ERR14888759,,PRJEB51657,PRJEB51688,SAMEA115828546,MBAL4_Wa_211103,EMOBON_MBAL4_Wa_211103_3um_1
EMOBON_MBAL4_Wa_11,EMOBON00158,,ERS20569067,ERX14293754,,ERR14888763,,PRJEB51657,PRJEB51688,SAMEA115828550,MBAL4_Wa_211216,EMOBON_MBAL4_Wa_211216_3um_1
EMOBON_MBAL4_Wa_12,EMOBON00159,,ERS20569068,ERX14293755,,ERR14888764,,PRJEB51657,PRJEB51688,SAMEA115828551,MBAL4_Wa_211216,EMOBON_MBAL4_Wa_211216_3um_2
EMOBON_MBAL4_Wa_13,EMOBON00160,,ERS20569069,ERX14293756,,ERR14888765,,PRJEB51657,PRJEB51688,SAMEA115828552,MBAL4_Wa_211216,EMOBON_MBAL4_Wa_211216_0.2um_1
EMOBON_MBAL4_Wa_14,EMOBON00161,,ERS20569070,ERX14293757,,ERR14888766,,PRJEB51657,PRJEB51688,SAMEA115828553,MBAL4_Wa_211216,EMOBON_MBAL4_Wa_211216_0.2um_2
EMOBON_MBAL4_Wa_2,EMOBON00155,,ERS20569064,ERX14293751,,ERR14888760,,PRJEB51657,PRJEB51688,SAMEA115828547,MBAL4_Wa_211103,EMOBON_MBAL4_Wa_211103_3um_2
EMOBON_MBAL4_Wa_3,EMOBON00156,,ERS20569065,ERX14293752,,ERR14888761,,PRJEB51657,PRJEB51688,SAMEA115828548,MBAL4_Wa_211103,EMOBON_MBAL4_Wa_211103_0.2um_1
EMOBON_MBAL4_Wa_4,EMOBON00157,,ERS20569066,ERX14293753,,ERR14888762,,PRJEB51657,PRJEB51688,SAMEA115828549,MBAL4_Wa_211103,EMOBON_MBAL4_Wa_211103_0.2um_2
EMOBON_NRMCB_So_11,EMOBON00236,,ERS20535391,ERX14293987,,ERR14888966,,PRJEB51658,PRJEB51688,SAMEA115809380,NRMCB_So_211026,EMOBON_NRMCB_So_211026_micro_1
EMOBON_NRMCB_So_12,EMOBON00237,,ERS20535392,ERX14293988,,ERR14888967,,PRJEB51658,PRJEB51688,SAMEA115809381,NRMCB_So_211026,EMOBON_NRMCB_So_211026_micro_2
EMOBON_NRMCB_So_16,EMOBON00238,,ERS20535393,ERX14293989,,ERR14888968,,PRJEB51658,PRJEB51688,SAMEA115809382,NRMCB_So_211221,EMOBON_NRMCB_So_211221_micro_1
EMOBON_NRMCB_So_17,EMOBON00239,,ERS20535394,ERX14293990,,ERR14888969,,PRJEB51658,PRJEB51688,SAMEA115809383,NRMCB_So_211221,EMOBON_NRMCB_So_211221_micro_2
EMOBON_NRMCB_Wa_43,EMOBON00228,,ERS20568965,ERX14293979,,ERR14888958,,PRJEB51658,PRJEB51688,SAMEA115828448,NRMCB_Wa_211026,EMOBON_NRMCB_Wa_211026_3um_1
EMOBON_NRMCB_Wa_44,EMOBON00229,,ERS20568966,ERX14293980,,ERR14888959,,PRJEB51658,PRJEB51688,SAMEA115828449,NRMCB_Wa_211026,EMOBON_NRMCB_Wa_211026_3um_2
EMOBON_NRMCB_Wa_48,EMOBON00230,,ERS20568967,ERX14293981,,ERR14888960,,PRJEB51658,PRJEB51688,SAMEA115828450,NRMCB_Wa_211026,EMOBON_NRMCB_Wa_211026_0.2um_1
EMOBON_NRMCB_Wa_49,EMOBON00231,,ERS20568968,ERX14293982,,ERR14888961,,PRJEB51658,PRJEB51688,SAMEA115828451,NRMCB_Wa_211026,EMOBON_NRMCB_Wa_211026_0.2um_2
EMOBON_NRMCB_Wa_63,EMOBON00232,,ERS20568969,ERX14293983,,ERR14888962,,PRJEB51658,PRJEB51688,SAMEA115828452,NRMCB_Wa_211221,EMOBON_NRMCB_Wa_211221_3um_1
EMOBON_NRMCB_Wa_64,EMOBON00233,,ERS20568970,ERX14293984,,ERR14888963,,PRJEB51658,PRJEB51688,SAMEA115828453,NRMCB_Wa_211221,EMOBON_NRMCB_Wa_211221_3um_2
EMOBON_NRMCB_Wa_68,EMOBON00234,,ERS20568971,ERX14293985,,ERR14888964,,PRJEB51658,PRJEB51688,SAMEA115828454,NRMCB_Wa_211221,EMOBON_NRMCB_Wa_211221_0.2um_1
EMOBON_NRMCB_Wa_69,EMOBON00235,,ERS20568972,ERX14293986,,ERR14888965,,PRJEB51658,PRJEB51688,SAMEA115828455,NRMCB_Wa_211221,EMOBON_NRMCB_Wa_211221_0.2um_2
EMOBON_OOB_So_25,EMOBON00242,,ERS20535384,ERX14293705,,ERR14888714,,PRJEB51665,PRJEB51688,SAMEA115809373,OOB_So_211209,EMOBON_OOB_So_211209_micro_1
EMOBON_OOB_So_26,EMOBON00243,,ERS20535385,ERX14293706,,ERR14888715,,PRJEB51665,PRJEB51688,SAMEA115809374,OOB_So_211209,EMOBON_OOB_So_211209_micro_2
EMOBON_OSD74_Wa_11,EMOBON00244,,ERS20569008,ERX14293840,,ERR14888849,,PRJEB51659,PRJEB51688,SAMEA115828491,OSD74_Wa_211028,EMOBON_OSD74_Wa_211028_3um_1
EMOBON_OSD74_Wa_12,EMOBON00245,,ERS20569009,ERX14293841,,ERR14888850,,PRJEB51659,PRJEB51688,SAMEA115828492,OSD74_Wa_211028,EMOBON_OSD74_Wa_211028_0.2um_1
EMOBON_OSD74_Wa_13,EMOBON00246,,ERS20569010,ERX14293842,,ERR14888851,,PRJEB51659,PRJEB51688,SAMEA115828493,OSD74_Wa_211028,EMOBON_OSD74_Wa_211028_3um_2
EMOBON_OSD74_Wa_14,EMOBON00247,,ERS20569011,ERX14293843,,ERR14888852,,PRJEB51659,PRJEB51688,SAMEA115828494,OSD74_Wa_211028,EMOBON_OSD74_Wa_211028_0.2um_2
EMOBON_OSD74_Wa_21,EMOBON00248,,ERS20569012,ERX14293844,,ERR14888853,,PRJEB51659,PRJEB51688,SAMEA115828495,OSD74_Wa_211218,EMOBON_OSD74_Wa_211218_3um_1
EMOBON_OSD74_Wa_22,EMOBON00249,,ERS20569013,ERX14293845,,ERR14888854,,PRJEB51659,PRJEB51688,SAMEA115828496,OSD74_Wa_211218,EMOBON_OSD74_Wa_211218_0.2um_1
EMOBON_OSD74_Wa_23,EMOBON00250,,ERS20569014,ERX14293846,,ERR14888855,,PRJEB51659,PRJEB51688,SAMEA115828497,OSD74_Wa_211218,EMOBON_OSD74_Wa_211218_3um_2
EMOBON_OSD74_Wa_24,EMOBON00251,,ERS20569015,ERX14293847,,ERR14888856,,PRJEB51659,PRJEB51688,SAMEA115828498,OSD74_Wa_211218,EMOBON_OSD74_Wa_211218_0.2um_2
EMOBON_PiEGetxo_Wa_12,EMOBON00206,,ERS20569022,ERX14293770,,ERR14888779,,PRJEB51660,PRJEB51688,SAMEA115828505,PiEGetxo_Wa_211027,EMOBON_PiEGetxo_Wa_211027_3um_1
EMOBON_PiEGetxo_Wa_13,EMOBON00207,,ERS20569023,ERX14293771,,ERR14888780,,PRJEB51660,PRJEB51688,SAMEA115828506,PiEGetxo_Wa_211027,EMOBON_PiEGetxo_Wa_211027_3um_2
EMOBON_PiEGetxo_Wa_14,EMOBON00208,,ERS20569024,ERX14293772,,ERR14888781,,PRJEB51660,PRJEB51688,SAMEA115828507,PiEGetxo_Wa_211027,EMOBON_PiEGetxo_Wa_211027_0.2um_1
EMOBON_PiEGetxo_Wa_15,EMOBON00209,,ERS20569025,ERX14293773,,ERR14888782,,PRJEB51660,PRJEB51688,SAMEA115828508,PiEGetxo_Wa_211027,EMOBON_PiEGetxo_Wa_211027_0.2um_2
EMOBON_PiEGetxo_Wa_48,EMOBON00210,,ERS20569026,ERX14293774,,ERR14888783,,PRJEB51660,PRJEB51688,SAMEA115828509,PiEGetxo_Wa_211222,EMOBON_PiEGetxo_Wa_211222_3um_1
EMOBON_PiEGetxo_Wa_49,EMOBON00211,,ERS20569027,ERX14293775,,ERR14888784,,PRJEB51660,PRJEB51688,SAMEA115828510,PiEGetxo_Wa_211222,EMOBON_PiEGetxo_Wa_211222_3um_2
EMOBON_PiEGetxo_Wa_50,EMOBON00212,,ERS20569028,ERX14293776,,ERR14888785,,PRJEB51660,PRJEB51688,SAMEA115828511,PiEGetxo_Wa_211222,EMOBON_PiEGetxo_Wa_211222_0.2um_1
EMOBON_PiEGetxo_Wa_51,EMOBON00213,,ERS20569029,ERX14293777,,ERR14888786,,PRJEB51660,PRJEB51688,SAMEA115828512,PiEGetxo_Wa_211222,EMOBON_PiEGetxo_Wa_211222_0.2um_2
EMOBON_RFormosa_So_11,EMOBON00226,,ERS20535381,ERX14294001,,ERR14888981,,PRJEB51661,PRJEB51688,SAMEA115809370,RFormosa_So_211220,EMOBON_RFormosa_So_211220_micro_1
EMOBON_RFormosa_So_12,EMOBON00227,,ERS20535382,ERX14294002,,ERR14888982,,PRJEB51661,PRJEB51688,SAMEA115809371,RFormosa_So_211220,EMOBON_RFormosa_So_211220_micro_2
EMOBON_RFormosa_So_6,EMOBON00224,,ERS20535379,ERX14293999,,ERR14888979,,PRJEB51661,PRJEB51688,SAMEA115809368,RFormosa_So_211022,EMOBON_RFormosa_So_211022_micro_1
EMOBON_RFormosa_So_7,EMOBON00225,,ERS20535380,ERX14294000,,ERR14888980,,PRJEB51661,PRJEB51688,SAMEA115809369,RFormosa_So_211022,EMOBON_RFormosa_So_211022_micro_2
EMOBON_RFormosa_Wa_11,EMOBON00214,,ERS20568949,ERX14293991,,ERR14888970,,PRJEB51661,PRJEB51688,SAMEA115828432,RFormosa_Wa_211022,EMOBON_RFormosa_Wa_211022_3um_1
EMOBON_RFormosa_Wa_12,EMOBON00215,,ERS20568950,ERX14293992,,ERR14888972,,PRJEB51661,PRJEB51688,SAMEA115828433,RFormosa_Wa_211022,EMOBON_RFormosa_Wa_211022_3um_2
EMOBON_RFormosa_Wa_15,EMOBON00216,,ERS20568951,ERX14293993,,ERR14888973,,PRJEB51661,PRJEB51688,SAMEA115828434,RFormosa_Wa_211022,EMOBON_RFormosa_Wa_211022_0.2um_1
EMOBON_RFormosa_Wa_16,EMOBON00217,,ERS20568952,ERX14293994,,ERR14888974,,PRJEB51661,PRJEB51688,SAMEA115828435,RFormosa_Wa_211022,EMOBON_RFormosa_Wa_211022_0.2um_2
EMOBON_RFormosa_Wa_21,EMOBON00218,,ERS20568953,ERX14293995,,ERR14888975,,PRJEB51661,PRJEB51688,SAMEA115828436,RFormosa_Wa_211220,EMOBON_RFormosa_Wa_211220_3um_1
EMOBON_RFormosa_Wa_22,EMOBON00219,,ERS20568954,ERX14293996,,ERR14888976,,PRJEB51661,PRJEB51688,SAMEA115828437,RFormosa_Wa_211220,EMOBON_RFormosa_Wa_211220_3um_2
EMOBON_RFormosa_Wa_25,EMOBON00220,,ERS20568955,ERX14293997,,ERR14888977,,PRJEB51661,PRJEB51688,SAMEA115828438,RFormosa_Wa_211220,EMOBON_RFormosa_Wa_211220_0.2um_1
EMOBON_RFormosa_Wa_26,EMOBON00221,,ERS20568956,ERX14293998,,ERR14888978,,PRJEB51661,PRJEB51688,SAMEA115828439,RFormosa_Wa_211220,EMOBON_RFormosa_Wa_211220_0.2um_2
EMOBON_ROSKOGO_So_16,EMOBON00192,,ERS20535369,ERX14293896,,ERR14888905,,PRJEB51662,PRJEB51688,SAMEA115809358,ROSKOGO_So_211119,EMOBON_ROSKOGO_So_211119_micro_1
EMOBON_ROSKOGO_So_17,EMOBON00193,,ERS20535370,ERX14293897,,ERR14888906,,PRJEB51662,PRJEB51688,SAMEA115809359,ROSKOGO_So_211119,EMOBON_ROSKOGO_So_211119_micro_2
EMOBON_ROSKOGO_So_61,EMOBON00194,,ERS20535371,ERX14293898,,ERR14888907,,PRJEB51662,PRJEB51688,SAMEA115809360,ROSKOGO_So_211222,EMOBON_ROSKOGO_So_211222_micro_1
EMOBON_ROSKOGO_So_62,EMOBON00195,,ERS20535372,ERX14293899,,ERR14888908,,PRJEB51662,PRJEB51688,SAMEA115809361,ROSKOGO_So_211222,EMOBON_ROSKOGO_So_211222_micro_2
EMOBON_ROSKOGO_Wa_23,EMOBON00182,,ERS20568929,ERX14293888,,ERR14888897,,PRJEB51662,PRJEB51688,SAMEA115828412,ROSKOGO_Wa_211014,EMOBON_ROSKOGO_Wa_211014_3um_1
EMOBON_ROSKOGO_Wa_24,EMOBON00183,,ERS20568930,ERX14293889,,ERR14888898,,PRJEB51662,PRJEB51688,SAMEA115828413,ROSKOGO_Wa_211014,EMOBON_ROSKOGO_Wa_211014_3um_2
EMOBON_ROSKOGO_Wa_27,EMOBON00184,,ERS20568931,ERX14293890,,ERR14888899,,PRJEB51662,PRJEB51688,SAMEA115828414,ROSKOGO_Wa_211014,EMOBON_ROSKOGO_Wa_211014_0.2um_1
EMOBON_ROSKOGO_Wa_28,EMOBON00185,,ERS20568932,ERX14293891,,ERR14888900,,PRJEB51662,PRJEB51688,SAMEA115828415,ROSKOGO_Wa_211014,EMOBON_ROSKOGO_Wa_211014_0.2um_2
EMOBON_ROSKOGO_Wa_33,EMOBON00188,,ERS20568933,ERX14293892,,ERR14888901,,PRJEB51662,PRJEB51688,SAMEA115828416,ROSKOGO_Wa_211213,EMOBON_ROSKOGO_Wa_211213_3um_1
EMOBON_ROSKOGO_Wa_34,EMOBON00189,,ERS20568934,ERX14293893,,ERR14888902,,PRJEB51662,PRJEB51688,SAMEA115828417,ROSKOGO_Wa_211213,EMOBON_ROSKOGO_Wa_211213_3um_2
EMOBON_ROSKOGO_Wa_37,EMOBON00190,,ERS20568935,ERX14293894,,ERR14888903,,PRJEB51662,PRJEB51688,SAMEA115828418,ROSKOGO_Wa_211213,EMOBON_ROSKOGO_Wa_211213_0.2um_1
EMOBON_ROSKOGO_Wa_38,EMOBON00191,,ERS20568936,ERX14293895,,ERR14888904,,PRJEB51662,PRJEB51688,SAMEA115828419,ROSKOGO_Wa_211213,EMOBON_ROSKOGO_Wa_211213_0.2um_2
EMOBON_VB_Wa_137,EMOBON00178,,ERS20569053,ERX14293799,,ERR14888808,,PRJEB51664,PRJEB51688,SAMEA115828536,VB_Wa_211217,EMOBON_VB_Wa_211217_3um_1
EMOBON_VB_Wa_138,EMOBON00179,,ERS20569054,ERX14293800,,ERR14888809,,PRJEB51664,PRJEB51688,SAMEA115828537,VB_Wa_211217,EMOBON_VB_Wa_211217_3um_2
EMOBON_VB_Wa_140,EMOBON00180,,ERS20569055,ERX14293801,,ERR14888810,,PRJEB51664,PRJEB51688,SAMEA115828538,VB_Wa_211217,EMOBON_VB_Wa_211217_0.2um_1
EMOBON_VB_Wa_141,EMOBON00181,,ERS20569056,ERX14293802,,ERR14888811,,PRJEB51664,PRJEB51688,SAMEA115828539,VB_Wa_211217,EMOBON_VB_Wa_211217_0.2um_2
EMOBON_VB_Wa_93,EMOBON00172,,ERS20569049,ERX14293795,,ERR14888804,,PRJEB51664,PRJEB51688,SAMEA115828532,VB_Wa_211018,EMOBON_VB_Wa_211018_3um_1
EMOBON_VB_Wa_94,EMOBON00173,,ERS20569050,ERX14293796,,ERR14888805,,PRJEB51664,PRJEB51688,SAMEA115828533,VB_Wa_211018,EMOBON_VB_Wa_211018_3um_2
EMOBON_VB_Wa_96,EMOBON00175,,ERS20569051,ERX14293797,,ERR14888806,,PRJEB51664,PRJEB51688,SAMEA115828534,VB_Wa_211018,EMOBON_VB_Wa_211018_0.2um_1
EMOBON_VB_Wa_97,EMOBON00176,,ERS20569052,ERX14293798,,ERR14888807,,PRJEB51664,PRJEB51688,SAMEA115828535,VB_Wa_211018,EMOBON_VB_Wa_211018_0.2um_2
